Method,Job,AnalyzeLaunchVariance,EvaluateOverhead,MaxAbsoluteError,MaxRelativeError,MinInvokeCount,MinIterationTime,OutlierMode,Affinity,EnvironmentVariables,Jit,LargeAddressAware,Platform,PowerPlanMode,Runtime,AllowVeryLargeObjects,Concurrent,CpuGroups,Force,HeapAffinitizeMask,HeapCount,NoAffinitize,RetainVm,Server,Arguments,BuildConfiguration,Clock,EngineFactory,NuGetReferences,Toolchain,IsMutator,InvocationCount,IterationCount,IterationTime,LaunchCount,MaxIterationCount,MaxWarmupIterationCount,MemoryRandomization,MinIterationCount,MinWarmupIterationCount,RunStrategy,UnrollFactor,WarmupCount,Length,Mean,Error,StdDev,Allocated
SkipWhiteSpace_Default,ShortRun,False,Default,Default,Default,Default,Default,Default,00000000000000,Empty,RyuJit,Default,Arm64,8c5e7fda-e8bf-4a96-9a85-a6e23a8c635c,.NET 10.0,False,True,False,True,Default,Default,False,False,False,Default,Default,Default,Default,Default,Default,Default,Default,8,200ms,1,Default,Default,Default,Default,Default,Default,16,5,0,0.0000 ns,0.0000 ns,0.0000 ns,0 B
SkipWhiteSpace_Vectorized,ShortRun,False,Default,Default,Default,Default,Default,Default,00000000000000,Empty,RyuJit,Default,Arm64,8c5e7fda-e8bf-4a96-9a85-a6e23a8c635c,.NET 10.0,False,True,False,True,Default,Default,False,False,False,Default,Default,Default,Default,Default,Default,Default,Default,8,200ms,1,Default,Default,Default,Default,Default,Default,16,5,0,0.7885 ns,0.0565 ns,0.0295 ns,0 B
SkipWhiteSpace_Vectorized_Optimized,ShortRun,False,Default,Default,Default,Default,Default,Default,00000000000000,Empty,RyuJit,Default,Arm64,8c5e7fda-e8bf-4a96-9a85-a6e23a8c635c,.NET 10.0,False,True,False,True,Default,Default,False,False,False,Default,Default,Default,Default,Default,Default,Default,Default,8,200ms,1,Default,Default,Default,Default,Default,Default,16,5,0,1.2245 ns,0.0232 ns,0.0121 ns,0 B
SkipWhiteSpace_Default,ShortRun,False,Default,Default,Default,Default,Default,Default,00000000000000,Empty,RyuJit,Default,Arm64,8c5e7fda-e8bf-4a96-9a85-a6e23a8c635c,.NET 10.0,False,True,False,True,Default,Default,False,False,False,Default,Default,Default,Default,Default,Default,Default,Default,8,200ms,1,Default,Default,Default,Default,Default,Default,16,5,1,1.0243 ns,0.0147 ns,0.0065 ns,0 B
SkipWhiteSpace_Vectorized,ShortRun,False,Default,Default,Default,Default,Default,Default,00000000000000,Empty,RyuJit,Default,Arm64,8c5e7fda-e8bf-4a96-9a85-a6e23a8c635c,.NET 10.0,False,True,False,True,Default,Default,False,False,False,Default,Default,Default,Default,Default,Default,Default,Default,8,200ms,1,Default,Default,Default,Default,Default,Default,16,5,1,1.9177 ns,0.0231 ns,0.0102 ns,0 B
SkipWhiteSpace_Vectorized_Optimized,ShortRun,False,Default,Default,Default,Default,Default,Default,00000000000000,Empty,RyuJit,Default,Arm64,8c5e7fda-e8bf-4a96-9a85-a6e23a8c635c,.NET 10.0,False,True,False,True,Default,Default,False,False,False,Default,Default,Default,Default,Default,Default,Default,Default,8,200ms,1,Default,Default,Default,Default,Default,Default,16,5,1,2.0048 ns,0.0543 ns,0.0284 ns,0 B
SkipWhiteSpace_Default,ShortRun,False,Default,Default,Default,Default,Default,Default,00000000000000,Empty,RyuJit,Default,Arm64,8c5e7fda-e8bf-4a96-9a85-a6e23a8c635c,.NET 10.0,False,True,False,True,Default,Default,False,False,False,Default,Default,Default,Default,Default,Default,Default,Default,8,200ms,1,Default,Default,Default,Default,Default,Default,16,5,2,1.2520 ns,0.0306 ns,0.0136 ns,0 B
SkipWhiteSpace_Vectorized,ShortRun,False,Default,Default,Default,Default,Default,Default,00000000000000,Empty,RyuJit,Default,Arm64,8c5e7fda-e8bf-4a96-9a85-a6e23a8c635c,.NET 10.0,False,True,False,True,Default,Default,False,False,False,Default,Default,Default,Default,Default,Default,Default,Default,8,200ms,1,Default,Default,Default,Default,Default,Default,16,5,2,2.2278 ns,0.0137 ns,0.0071 ns,0 B
SkipWhiteSpace_Vectorized_Optimized,ShortRun,False,Default,Default,Default,Default,Default,Default,00000000000000,Empty,RyuJit,Default,Arm64,8c5e7fda-e8bf-4a96-9a85-a6e23a8c635c,.NET 10.0,False,True,False,True,Default,Default,False,False,False,Default,Default,Default,Default,Default,Default,Default,Default,8,200ms,1,Default,Default,Default,Default,Default,Default,16,5,2,2.6349 ns,0.1214 ns,0.0635 ns,0 B
SkipWhiteSpace_Default,ShortRun,False,Default,Default,Default,Default,Default,Default,00000000000000,Empty,RyuJit,Default,Arm64,8c5e7fda-e8bf-4a96-9a85-a6e23a8c635c,.NET 10.0,False,True,False,True,Default,Default,False,False,False,Default,Default,Default,Default,Default,Default,Default,Default,8,200ms,1,Default,Default,Default,Default,Default,Default,16,5,10,3.9984 ns,0.1130 ns,0.0591 ns,0 B
SkipWhiteSpace_Vectorized,ShortRun,False,Default,Default,Default,Default,Default,Default,00000000000000,Empty,RyuJit,Default,Arm64,8c5e7fda-e8bf-4a96-9a85-a6e23a8c635c,.NET 10.0,False,True,False,True,Default,Default,False,False,False,Default,Default,Default,Default,Default,Default,Default,Default,8,200ms,1,Default,Default,Default,Default,Default,Default,16,5,10,2.0027 ns,0.0317 ns,0.0166 ns,0 B
SkipWhiteSpace_Vectorized_Optimized,ShortRun,False,Default,Default,Default,Default,Default,Default,00000000000000,Empty,RyuJit,Default,Arm64,8c5e7fda-e8bf-4a96-9a85-a6e23a8c635c,.NET 10.0,False,True,False,True,Default,Default,False,False,False,Default,Default,Default,Default,Default,Default,Default,Default,8,200ms,1,Default,Default,Default,Default,Default,Default,16,5,10,2.5004 ns,0.0383 ns,0.0201 ns,0 B
SkipWhiteSpace_Default,ShortRun,False,Default,Default,Default,Default,Default,Default,00000000000000,Empty,RyuJit,Default,Arm64,8c5e7fda-e8bf-4a96-9a85-a6e23a8c635c,.NET 10.0,False,True,False,True,Default,Default,False,False,False,Default,Default,Default,Default,Default,Default,Default,Default,8,200ms,1,Default,Default,Default,Default,Default,Default,16,5,256,133.1368 ns,1.2869 ns,0.6731 ns,0 B
SkipWhiteSpace_Vectorized,ShortRun,False,Default,Default,Default,Default,Default,Default,00000000000000,Empty,RyuJit,Default,Arm64,8c5e7fda-e8bf-4a96-9a85-a6e23a8c635c,.NET 10.0,False,True,False,True,Default,Default,False,False,False,Default,Default,Default,Default,Default,Default,Default,Default,8,200ms,1,Default,Default,Default,Default,Default,Default,16,5,256,10.0939 ns,0.0972 ns,0.0508 ns,0 B
SkipWhiteSpace_Vectorized_Optimized,ShortRun,False,Default,Default,Default,Default,Default,Default,00000000000000,Empty,RyuJit,Default,Arm64,8c5e7fda-e8bf-4a96-9a85-a6e23a8c635c,.NET 10.0,False,True,False,True,Default,Default,False,False,False,Default,Default,Default,Default,Default,Default,Default,Default,8,200ms,1,Default,Default,Default,Default,Default,Default,16,5,256,19.3659 ns,0.1159 ns,0.0514 ns,0 B
SkipWhiteSpaceOrNewLine_Default,ShortRun,False,Default,Default,Default,Default,Default,Default,00000000000000,Empty,RyuJit,Default,Arm64,8c5e7fda-e8bf-4a96-9a85-a6e23a8c635c,.NET 10.0,False,True,False,True,Default,Default,False,False,False,Default,Default,Default,Default,Default,Default,Default,Default,8,200ms,1,Default,Default,Default,Default,Default,Default,16,5,0,0.0000 ns,0.0000 ns,0.0000 ns,0 B
SkipWhiteSpaceOrNewLines_Vectorized,ShortRun,False,Default,Default,Default,Default,Default,Default,00000000000000,Empty,RyuJit,Default,Arm64,8c5e7fda-e8bf-4a96-9a85-a6e23a8c635c,.NET 10.0,False,True,False,True,Default,Default,False,False,False,Default,Default,Default,Default,Default,Default,Default,Default,8,200ms,1,Default,Default,Default,Default,Default,Default,16,5,0,0.8006 ns,0.0285 ns,0.0149 ns,0 B
SkipWhiteSpaceOrNewLine_Default,ShortRun,False,Default,Default,Default,Default,Default,Default,00000000000000,Empty,RyuJit,Default,Arm64,8c5e7fda-e8bf-4a96-9a85-a6e23a8c635c,.NET 10.0,False,True,False,True,Default,Default,False,False,False,Default,Default,Default,Default,Default,Default,Default,Default,8,200ms,1,Default,Default,Default,Default,Default,Default,16,5,1,1.5752 ns,0.0275 ns,0.0122 ns,0 B
SkipWhiteSpaceOrNewLines_Vectorized,ShortRun,False,Default,Default,Default,Default,Default,Default,00000000000000,Empty,RyuJit,Default,Arm64,8c5e7fda-e8bf-4a96-9a85-a6e23a8c635c,.NET 10.0,False,True,False,True,Default,Default,False,False,False,Default,Default,Default,Default,Default,Default,Default,Default,8,200ms,1,Default,Default,Default,Default,Default,Default,16,5,1,2.3750 ns,0.0109 ns,0.0057 ns,0 B
SkipWhiteSpaceOrNewLine_Default,ShortRun,False,Default,Default,Default,Default,Default,Default,00000000000000,Empty,RyuJit,Default,Arm64,8c5e7fda-e8bf-4a96-9a85-a6e23a8c635c,.NET 10.0,False,True,False,True,Default,Default,False,False,False,Default,Default,Default,Default,Default,Default,Default,Default,8,200ms,1,Default,Default,Default,Default,Default,Default,16,5,2,2.3750 ns,0.0357 ns,0.0187 ns,0 B
SkipWhiteSpaceOrNewLines_Vectorized,ShortRun,False,Default,Default,Default,Default,Default,Default,00000000000000,Empty,RyuJit,Default,Arm64,8c5e7fda-e8bf-4a96-9a85-a6e23a8c635c,.NET 10.0,False,True,False,True,Default,Default,False,False,False,Default,Default,Default,Default,Default,Default,Default,Default,8,200ms,1,Default,Default,Default,Default,Default,Default,16,5,2,3.3416 ns,0.0112 ns,0.0050 ns,0 B
SkipWhiteSpaceOrNewLine_Default,ShortRun,False,Default,Default,Default,Default,Default,Default,00000000000000,Empty,RyuJit,Default,Arm64,8c5e7fda-e8bf-4a96-9a85-a6e23a8c635c,.NET 10.0,False,True,False,True,Default,Default,False,False,False,Default,Default,Default,Default,Default,Default,Default,Default,8,200ms,1,Default,Default,Default,Default,Default,Default,16,5,10,8.5871 ns,0.1960 ns,0.1025 ns,0 B
SkipWhiteSpaceOrNewLines_Vectorized,ShortRun,False,Default,Default,Default,Default,Default,Default,00000000000000,Empty,RyuJit,Default,Arm64,8c5e7fda-e8bf-4a96-9a85-a6e23a8c635c,.NET 10.0,False,True,False,True,Default,Default,False,False,False,Default,Default,Default,Default,Default,Default,Default,Default,8,200ms,1,Default,Default,Default,Default,Default,Default,16,5,10,8.8735 ns,0.1522 ns,0.0796 ns,0 B
SkipWhiteSpaceOrNewLine_Default,ShortRun,False,Default,Default,Default,Default,Default,Default,00000000000000,Empty,RyuJit,Default,Arm64,8c5e7fda-e8bf-4a96-9a85-a6e23a8c635c,.NET 10.0,False,True,False,True,Default,Default,False,False,False,Default,Default,Default,Default,Default,Default,Default,Default,8,200ms,1,Default,Default,Default,Default,Default,Default,16,5,256,296.3170 ns,1.2505 ns,0.6540 ns,0 B
SkipWhiteSpaceOrNewLines_Vectorized,ShortRun,False,Default,Default,Default,Default,Default,Default,00000000000000,Empty,RyuJit,Default,Arm64,8c5e7fda-e8bf-4a96-9a85-a6e23a8c635c,.NET 10.0,False,True,False,True,Default,Default,False,False,False,Default,Default,Default,Default,Default,Default,Default,Default,8,200ms,1,Default,Default,Default,Default,Default,Default,16,5,256,162.5783 ns,0.5787 ns,0.3027 ns,0 B
