Method,Job,AnalyzeLaunchVariance,EvaluateOverhead,MaxAbsoluteError,MaxRelativeError,MinInvokeCount,MinIterationTime,OutlierMode,Affinity,EnvironmentVariables,Jit,LargeAddressAware,Platform,PowerPlanMode,Runtime,AllowVeryLargeObjects,Concurrent,CpuGroups,Force,HeapAffinitizeMask,HeapCount,NoAffinitize,RetainVm,Server,Arguments,BuildConfiguration,Clock,EngineFactory,Toolchain,IsMutator,ConsumeTasksSynchronously,InvocationCount,IterationCount,IterationTime,JitTieringMode,LaunchCount,MaxIterationCount,MaxWarmupIterationCount,MemoryRandomization,MinIterationCount,MinWarmupIterationCount,RunStrategy,UnrollFactor,WarmupCount,Distinct,Mean,Error,StdDev,Ratio,RatioSD,Gen0,Gen1,Allocated,Alloc Ratio
Materialize,ShortRun,False,Default,Default,Default,Default,Default,Default,00000000000000,Empty,RyuJit,Default,Arm64,8c5e7fda-e8bf-4a96-9a85-a6e23a8c635c,.NET 11.0,False,True,False,True,Default,Default,False,False,False,Default,Default,Default,Default,Default,Default,False,Default,5,100ms,Default,1,Default,Default,Default,Default,Default,Default,16,3,0,"1,126.57 ns",54.562 ns,8.444 ns,1.00,0.00,1.4640,0.0000,12288 B,1.00
DocumentPool,ShortRun,False,Default,Default,Default,Default,Default,Default,00000000000000,Empty,RyuJit,Default,Arm64,8c5e7fda-e8bf-4a96-9a85-a6e23a8c635c,.NET 11.0,False,True,False,True,Default,Default,False,False,False,Default,Default,Default,Default,Default,Default,False,Default,5,100ms,Default,1,Default,Default,Default,Default,Default,Default,16,3,0,"7,434.79 ns",84.096 ns,13.014 ns,6.60,0.05,4.8077,0.0801,40768 B,3.32
LastStringCache,ShortRun,False,Default,Default,Default,Default,Default,Default,00000000000000,Empty,RyuJit,Default,Arm64,8c5e7fda-e8bf-4a96-9a85-a6e23a8c635c,.NET 11.0,False,True,False,True,Default,Default,False,False,False,Default,Default,Default,Default,Default,Default,False,Default,5,100ms,Default,1,Default,Default,Default,Default,Default,Default,16,3,0,"1,464.14 ns",129.863 ns,33.725 ns,1.30,0.03,1.4561,0.0000,12288 B,1.00
KeepTextSpan,ShortRun,False,Default,Default,Default,Default,Default,Default,00000000000000,Empty,RyuJit,Default,Arm64,8c5e7fda-e8bf-4a96-9a85-a6e23a8c635c,.NET 11.0,False,True,False,True,Default,Default,False,False,False,Default,Default,Default,Default,Default,Default,False,Default,5,100ms,Default,1,Default,Default,Default,Default,Default,Default,16,3,0,66.34 ns,1.650 ns,0.428 ns,0.06,0.00,0.0000,0.0000,0 B,0.00
Materialize,ShortRun,False,Default,Default,Default,Default,Default,Default,00000000000000,Empty,RyuJit,Default,Arm64,8c5e7fda-e8bf-4a96-9a85-a6e23a8c635c,.NET 11.0,False,True,False,True,Default,Default,False,False,False,Default,Default,Default,Default,Default,Default,False,Default,5,100ms,Default,1,Default,Default,Default,Default,Default,Default,16,3,1,"1,121.55 ns",12.573 ns,1.946 ns,1.00,0.00,1.4598,0.0000,12288 B,1.000
DocumentPool,ShortRun,False,Default,Default,Default,Default,Default,Default,00000000000000,Empty,RyuJit,Default,Arm64,8c5e7fda-e8bf-4a96-9a85-a6e23a8c635c,.NET 11.0,False,True,False,True,Default,Default,False,False,False,Default,Default,Default,Default,Default,Default,False,Default,5,100ms,Default,1,Default,Default,Default,Default,Default,Default,16,3,1,"1,679.69 ns",35.339 ns,5.469 ns,1.50,0.00,0.0333,0.0000,288 B,0.023
LastStringCache,ShortRun,False,Default,Default,Default,Default,Default,Default,00000000000000,Empty,RyuJit,Default,Arm64,8c5e7fda-e8bf-4a96-9a85-a6e23a8c635c,.NET 11.0,False,True,False,True,Default,Default,False,False,False,Default,Default,Default,Default,Default,Default,False,Default,5,100ms,Default,1,Default,Default,Default,Default,Default,Default,16,3,1,354.98 ns,22.351 ns,5.805 ns,0.32,0.00,0.0035,0.0000,48 B,0.004
KeepTextSpan,ShortRun,False,Default,Default,Default,Default,Default,Default,00000000000000,Empty,RyuJit,Default,Arm64,8c5e7fda-e8bf-4a96-9a85-a6e23a8c635c,.NET 11.0,False,True,False,True,Default,Default,False,False,False,Default,Default,Default,Default,Default,Default,False,Default,5,100ms,Default,1,Default,Default,Default,Default,Default,Default,16,3,1,66.48 ns,5.818 ns,0.900 ns,0.06,0.00,0.0000,0.0000,0 B,0.000
Materialize,ShortRun,False,Default,Default,Default,Default,Default,Default,00000000000000,Empty,RyuJit,Default,Arm64,8c5e7fda-e8bf-4a96-9a85-a6e23a8c635c,.NET 11.0,False,True,False,True,Default,Default,False,False,False,Default,Default,Default,Default,Default,Default,False,Default,5,100ms,Default,1,Default,Default,Default,Default,Default,Default,16,3,4,"1,124.30 ns",9.498 ns,2.467 ns,1.00,0.00,1.4625,0.0000,12288 B,1.00
DocumentPool,ShortRun,False,Default,Default,Default,Default,Default,Default,00000000000000,Empty,RyuJit,Default,Arm64,8c5e7fda-e8bf-4a96-9a85-a6e23a8c635c,.NET 11.0,False,True,False,True,Default,Default,False,False,False,Default,Default,Default,Default,Default,Default,False,Default,5,100ms,Default,1,Default,Default,Default,Default,Default,Default,16,3,4,"2,096.22 ns",121.476 ns,18.799 ns,1.86,0.02,0.0633,0.0000,656 B,0.05
LastStringCache,ShortRun,False,Default,Default,Default,Default,Default,Default,00000000000000,Empty,RyuJit,Default,Arm64,8c5e7fda-e8bf-4a96-9a85-a6e23a8c635c,.NET 11.0,False,True,False,True,Default,Default,False,False,False,Default,Default,Default,Default,Default,Default,False,Default,5,100ms,Default,1,Default,Default,Default,Default,Default,Default,16,3,4,"1,353.04 ns",43.339 ns,11.255 ns,1.20,0.01,1.4582,0.0000,12288 B,1.00
KeepTextSpan,ShortRun,False,Default,Default,Default,Default,Default,Default,00000000000000,Empty,RyuJit,Default,Arm64,8c5e7fda-e8bf-4a96-9a85-a6e23a8c635c,.NET 11.0,False,True,False,True,Default,Default,False,False,False,Default,Default,Default,Default,Default,Default,False,Default,5,100ms,Default,1,Default,Default,Default,Default,Default,Default,16,3,4,66.24 ns,3.406 ns,0.885 ns,0.06,0.00,0.0000,0.0000,0 B,0.00
