Method,Job,AnalyzeLaunchVariance,EvaluateOverhead,MaxAbsoluteError,MaxRelativeError,MinInvokeCount,MinIterationTime,OutlierMode,Affinity,EnvironmentVariables,Jit,LargeAddressAware,Platform,PowerPlanMode,Runtime,AllowVeryLargeObjects,Concurrent,CpuGroups,Force,HeapAffinitizeMask,HeapCount,NoAffinitize,RetainVm,Server,Arguments,BuildConfiguration,Clock,EngineFactory,Toolchain,IsMutator,ConsumeTasksSynchronously,InvocationCount,IterationCount,IterationTime,JitTieringMode,LaunchCount,MaxIterationCount,MaxWarmupIterationCount,MemoryRandomization,MinIterationCount,MinWarmupIterationCount,RunStrategy,UnrollFactor,WarmupCount,Length,Unicode,Mean,Error,StdDev,Ratio,RatioSD,Allocated,Alloc Ratio
Scalar,ShortRun,False,Default,Default,Default,Default,Default,Default,00000000000000,Empty,RyuJit,Default,Arm64,8c5e7fda-e8bf-4a96-9a85-a6e23a8c635c,.NET 11.0,False,True,False,True,Default,Default,False,False,False,Default,Default,Default,Default,Default,Default,False,Default,5,100ms,Default,1,Default,Default,Default,Default,Default,Default,16,3,8,False,3.487 ns,0.9970 ns,0.2589 ns,1.00,0.00,0 B,NA
SearchValues,ShortRun,False,Default,Default,Default,Default,Default,Default,00000000000000,Empty,RyuJit,Default,Arm64,8c5e7fda-e8bf-4a96-9a85-a6e23a8c635c,.NET 11.0,False,True,False,True,Default,Default,False,False,False,Default,Default,Default,Default,Default,Default,False,Default,5,100ms,Default,1,Default,Default,Default,Default,Default,Default,16,3,8,False,1.648 ns,0.0235 ns,0.0036 ns,0.47,0.03,0 B,NA
VectorMask,ShortRun,False,Default,Default,Default,Default,Default,Default,00000000000000,Empty,RyuJit,Default,Arm64,8c5e7fda-e8bf-4a96-9a85-a6e23a8c635c,.NET 11.0,False,True,False,True,Default,Default,False,False,False,Default,Default,Default,Default,Default,Default,False,Default,5,100ms,Default,1,Default,Default,Default,Default,Default,Default,16,3,8,False,1.759 ns,0.0138 ns,0.0036 ns,0.51,0.03,0 B,NA
NarrowedVectorMask,ShortRun,False,Default,Default,Default,Default,Default,Default,00000000000000,Empty,RyuJit,Default,Arm64,8c5e7fda-e8bf-4a96-9a85-a6e23a8c635c,.NET 11.0,False,True,False,True,Default,Default,False,False,False,Default,Default,Default,Default,Default,Default,False,Default,5,100ms,Default,1,Default,Default,Default,Default,Default,Default,16,3,8,False,5.194 ns,0.5639 ns,0.0873 ns,1.50,0.10,0 B,NA
Scalar,ShortRun,False,Default,Default,Default,Default,Default,Default,00000000000000,Empty,RyuJit,Default,Arm64,8c5e7fda-e8bf-4a96-9a85-a6e23a8c635c,.NET 11.0,False,True,False,True,Default,Default,False,False,False,Default,Default,Default,Default,Default,Default,False,Default,5,100ms,Default,1,Default,Default,Default,Default,Default,Default,16,3,8,True,3.596 ns,0.6421 ns,0.1667 ns,1.00,0.00,0 B,NA
SearchValues,ShortRun,False,Default,Default,Default,Default,Default,Default,00000000000000,Empty,RyuJit,Default,Arm64,8c5e7fda-e8bf-4a96-9a85-a6e23a8c635c,.NET 11.0,False,True,False,True,Default,Default,False,False,False,Default,Default,Default,Default,Default,Default,False,Default,5,100ms,Default,1,Default,Default,Default,Default,Default,Default,16,3,8,True,1.646 ns,0.0047 ns,0.0012 ns,0.46,0.02,0 B,NA
VectorMask,ShortRun,False,Default,Default,Default,Default,Default,Default,00000000000000,Empty,RyuJit,Default,Arm64,8c5e7fda-e8bf-4a96-9a85-a6e23a8c635c,.NET 11.0,False,True,False,True,Default,Default,False,False,False,Default,Default,Default,Default,Default,Default,False,Default,5,100ms,Default,1,Default,Default,Default,Default,Default,Default,16,3,8,True,1.767 ns,0.0350 ns,0.0054 ns,0.49,0.02,0 B,NA
NarrowedVectorMask,ShortRun,False,Default,Default,Default,Default,Default,Default,00000000000000,Empty,RyuJit,Default,Arm64,8c5e7fda-e8bf-4a96-9a85-a6e23a8c635c,.NET 11.0,False,True,False,True,Default,Default,False,False,False,Default,Default,Default,Default,Default,Default,False,Default,5,100ms,Default,1,Default,Default,Default,Default,Default,Default,16,3,8,True,5.149 ns,0.5950 ns,0.1545 ns,1.43,0.07,0 B,NA
Scalar,ShortRun,False,Default,Default,Default,Default,Default,Default,00000000000000,Empty,RyuJit,Default,Arm64,8c5e7fda-e8bf-4a96-9a85-a6e23a8c635c,.NET 11.0,False,True,False,True,Default,Default,False,False,False,Default,Default,Default,Default,Default,Default,False,Default,5,100ms,Default,1,Default,Default,Default,Default,Default,Default,16,3,64,False,20.939 ns,0.8559 ns,0.1324 ns,1.00,0.00,0 B,NA
SearchValues,ShortRun,False,Default,Default,Default,Default,Default,Default,00000000000000,Empty,RyuJit,Default,Arm64,8c5e7fda-e8bf-4a96-9a85-a6e23a8c635c,.NET 11.0,False,True,False,True,Default,Default,False,False,False,Default,Default,Default,Default,Default,Default,False,Default,5,100ms,Default,1,Default,Default,Default,Default,Default,Default,16,3,64,False,3.305 ns,0.1540 ns,0.0400 ns,0.16,0.00,0 B,NA
VectorMask,ShortRun,False,Default,Default,Default,Default,Default,Default,00000000000000,Empty,RyuJit,Default,Arm64,8c5e7fda-e8bf-4a96-9a85-a6e23a8c635c,.NET 11.0,False,True,False,True,Default,Default,False,False,False,Default,Default,Default,Default,Default,Default,False,Default,5,100ms,Default,1,Default,Default,Default,Default,Default,Default,16,3,64,False,6.248 ns,0.1326 ns,0.0205 ns,0.30,0.00,0 B,NA
NarrowedVectorMask,ShortRun,False,Default,Default,Default,Default,Default,Default,00000000000000,Empty,RyuJit,Default,Arm64,8c5e7fda-e8bf-4a96-9a85-a6e23a8c635c,.NET 11.0,False,True,False,True,Default,Default,False,False,False,Default,Default,Default,Default,Default,Default,False,Default,5,100ms,Default,1,Default,Default,Default,Default,Default,Default,16,3,64,False,4.559 ns,0.0983 ns,0.0255 ns,0.22,0.00,0 B,NA
Scalar,ShortRun,False,Default,Default,Default,Default,Default,Default,00000000000000,Empty,RyuJit,Default,Arm64,8c5e7fda-e8bf-4a96-9a85-a6e23a8c635c,.NET 11.0,False,True,False,True,Default,Default,False,False,False,Default,Default,Default,Default,Default,Default,False,Default,5,100ms,Default,1,Default,Default,Default,Default,Default,Default,16,3,64,True,21.132 ns,2.2982 ns,0.3557 ns,1.00,0.00,0 B,NA
SearchValues,ShortRun,False,Default,Default,Default,Default,Default,Default,00000000000000,Empty,RyuJit,Default,Arm64,8c5e7fda-e8bf-4a96-9a85-a6e23a8c635c,.NET 11.0,False,True,False,True,Default,Default,False,False,False,Default,Default,Default,Default,Default,Default,False,Default,5,100ms,Default,1,Default,Default,Default,Default,Default,Default,16,3,64,True,3.266 ns,0.0295 ns,0.0046 ns,0.15,0.00,0 B,NA
VectorMask,ShortRun,False,Default,Default,Default,Default,Default,Default,00000000000000,Empty,RyuJit,Default,Arm64,8c5e7fda-e8bf-4a96-9a85-a6e23a8c635c,.NET 11.0,False,True,False,True,Default,Default,False,False,False,Default,Default,Default,Default,Default,Default,False,Default,5,100ms,Default,1,Default,Default,Default,Default,Default,Default,16,3,64,True,6.239 ns,0.0591 ns,0.0153 ns,0.30,0.00,0 B,NA
NarrowedVectorMask,ShortRun,False,Default,Default,Default,Default,Default,Default,00000000000000,Empty,RyuJit,Default,Arm64,8c5e7fda-e8bf-4a96-9a85-a6e23a8c635c,.NET 11.0,False,True,False,True,Default,Default,False,False,False,Default,Default,Default,Default,Default,Default,False,Default,5,100ms,Default,1,Default,Default,Default,Default,Default,Default,16,3,64,True,4.530 ns,0.0233 ns,0.0036 ns,0.21,0.00,0 B,NA
Scalar,ShortRun,False,Default,Default,Default,Default,Default,Default,00000000000000,Empty,RyuJit,Default,Arm64,8c5e7fda-e8bf-4a96-9a85-a6e23a8c635c,.NET 11.0,False,True,False,True,Default,Default,False,False,False,Default,Default,Default,Default,Default,Default,False,Default,5,100ms,Default,1,Default,Default,Default,Default,Default,Default,16,3,1024,False,336.970 ns,30.0776 ns,7.8111 ns,1.00,0.00,0 B,NA
SearchValues,ShortRun,False,Default,Default,Default,Default,Default,Default,00000000000000,Empty,RyuJit,Default,Arm64,8c5e7fda-e8bf-4a96-9a85-a6e23a8c635c,.NET 11.0,False,True,False,True,Default,Default,False,False,False,Default,Default,Default,Default,Default,Default,False,Default,5,100ms,Default,1,Default,Default,Default,Default,Default,Default,16,3,1024,False,29.102 ns,2.1287 ns,0.5528 ns,0.09,0.00,0 B,NA
VectorMask,ShortRun,False,Default,Default,Default,Default,Default,Default,00000000000000,Empty,RyuJit,Default,Arm64,8c5e7fda-e8bf-4a96-9a85-a6e23a8c635c,.NET 11.0,False,True,False,True,Default,Default,False,False,False,Default,Default,Default,Default,Default,Default,False,Default,5,100ms,Default,1,Default,Default,Default,Default,Default,Default,16,3,1024,False,94.242 ns,0.9600 ns,0.1486 ns,0.28,0.01,0 B,NA
NarrowedVectorMask,ShortRun,False,Default,Default,Default,Default,Default,Default,00000000000000,Empty,RyuJit,Default,Arm64,8c5e7fda-e8bf-4a96-9a85-a6e23a8c635c,.NET 11.0,False,True,False,True,Default,Default,False,False,False,Default,Default,Default,Default,Default,Default,False,Default,5,100ms,Default,1,Default,Default,Default,Default,Default,Default,16,3,1024,False,67.681 ns,1.2873 ns,0.3343 ns,0.20,0.00,0 B,NA
Scalar,ShortRun,False,Default,Default,Default,Default,Default,Default,00000000000000,Empty,RyuJit,Default,Arm64,8c5e7fda-e8bf-4a96-9a85-a6e23a8c635c,.NET 11.0,False,True,False,True,Default,Default,False,False,False,Default,Default,Default,Default,Default,Default,False,Default,5,100ms,Default,1,Default,Default,Default,Default,Default,Default,16,3,1024,True,325.664 ns,32.0963 ns,4.9669 ns,1.00,0.00,0 B,NA
SearchValues,ShortRun,False,Default,Default,Default,Default,Default,Default,00000000000000,Empty,RyuJit,Default,Arm64,8c5e7fda-e8bf-4a96-9a85-a6e23a8c635c,.NET 11.0,False,True,False,True,Default,Default,False,False,False,Default,Default,Default,Default,Default,Default,False,Default,5,100ms,Default,1,Default,Default,Default,Default,Default,Default,16,3,1024,True,28.652 ns,0.3837 ns,0.0996 ns,0.09,0.00,0 B,NA
VectorMask,ShortRun,False,Default,Default,Default,Default,Default,Default,00000000000000,Empty,RyuJit,Default,Arm64,8c5e7fda-e8bf-4a96-9a85-a6e23a8c635c,.NET 11.0,False,True,False,True,Default,Default,False,False,False,Default,Default,Default,Default,Default,Default,False,Default,5,100ms,Default,1,Default,Default,Default,Default,Default,Default,16,3,1024,True,93.904 ns,0.9298 ns,0.2415 ns,0.29,0.00,0 B,NA
NarrowedVectorMask,ShortRun,False,Default,Default,Default,Default,Default,Default,00000000000000,Empty,RyuJit,Default,Arm64,8c5e7fda-e8bf-4a96-9a85-a6e23a8c635c,.NET 11.0,False,True,False,True,Default,Default,False,False,False,Default,Default,Default,Default,Default,Default,False,Default,5,100ms,Default,1,Default,Default,Default,Default,Default,Default,16,3,1024,True,67.173 ns,1.4861 ns,0.2300 ns,0.21,0.00,0 B,NA
