Method,Job,AnalyzeLaunchVariance,EvaluateOverhead,MaxAbsoluteError,MaxRelativeError,MinInvokeCount,MinIterationTime,OutlierMode,Affinity,EnvironmentVariables,Jit,LargeAddressAware,Platform,PowerPlanMode,Runtime,AllowVeryLargeObjects,Concurrent,CpuGroups,Force,HeapAffinitizeMask,HeapCount,NoAffinitize,RetainVm,Server,Arguments,BuildConfiguration,Clock,EngineFactory,Toolchain,IsMutator,ConsumeTasksSynchronously,InvocationCount,IterationCount,IterationTime,JitTieringMode,LaunchCount,MaxIterationCount,MaxWarmupIterationCount,MemoryRandomization,MinIterationCount,MinWarmupIterationCount,RunStrategy,UnrollFactor,WarmupCount,Length,EscapeInterval,Mean,Error,StdDev,Ratio,RatioSD,Gen0,Allocated,Alloc Ratio
Current,ShortRun,False,Default,Default,Default,Default,Default,Default,00000000000000,Empty,RyuJit,Default,Arm64,8c5e7fda-e8bf-4a96-9a85-a6e23a8c635c,.NET 11.0,False,True,False,True,Default,Default,False,False,False,Default,Default,Default,Default,Default,Default,False,Default,5,100ms,Default,1,Default,Default,Default,Default,Default,Default,16,3,32,4,31.32 ns,1.875 ns,0.487 ns,1.00,0.00,0.0103,88 B,1.00
BulkCopy,ShortRun,False,Default,Default,Default,Default,Default,Default,00000000000000,Empty,RyuJit,Default,Arm64,8c5e7fda-e8bf-4a96-9a85-a6e23a8c635c,.NET 11.0,False,True,False,True,Default,Default,False,False,False,Default,Default,Default,Default,Default,Default,False,Default,5,100ms,Default,1,Default,Default,Default,Default,Default,Default,16,3,32,4,61.82 ns,3.636 ns,0.563 ns,1.97,0.03,0.0104,88 B,1.00
BulkCopySkipInit,ShortRun,False,Default,Default,Default,Default,Default,Default,00000000000000,Empty,RyuJit,Default,Arm64,8c5e7fda-e8bf-4a96-9a85-a6e23a8c635c,.NET 11.0,False,True,False,True,Default,Default,False,False,False,Default,Default,Default,Default,Default,Default,False,Default,5,100ms,Default,1,Default,Default,Default,Default,Default,Default,16,3,32,4,60.31 ns,0.761 ns,0.118 ns,1.93,0.03,0.0102,88 B,1.00
ExactString,ShortRun,False,Default,Default,Default,Default,Default,Default,00000000000000,Empty,RyuJit,Default,Arm64,8c5e7fda-e8bf-4a96-9a85-a6e23a8c635c,.NET 11.0,False,True,False,True,Default,Default,False,False,False,Default,Default,Default,Default,Default,Default,False,Default,5,100ms,Default,1,Default,Default,Default,Default,Default,Default,16,3,32,4,106.89 ns,14.488 ns,3.762 ns,3.41,0.12,0.0097,88 B,1.00
Current,ShortRun,False,Default,Default,Default,Default,Default,Default,00000000000000,Empty,RyuJit,Default,Arm64,8c5e7fda-e8bf-4a96-9a85-a6e23a8c635c,.NET 11.0,False,True,False,True,Default,Default,False,False,False,Default,Default,Default,Default,Default,Default,False,Default,5,100ms,Default,1,Default,Default,Default,Default,Default,Default,16,3,32,128,27.65 ns,1.899 ns,0.493 ns,1.00,0.00,0.0105,88 B,1.00
BulkCopy,ShortRun,False,Default,Default,Default,Default,Default,Default,00000000000000,Empty,RyuJit,Default,Arm64,8c5e7fda-e8bf-4a96-9a85-a6e23a8c635c,.NET 11.0,False,True,False,True,Default,Default,False,False,False,Default,Default,Default,Default,Default,Default,False,Default,5,100ms,Default,1,Default,Default,Default,Default,Default,Default,16,3,32,128,15.33 ns,0.487 ns,0.126 ns,0.55,0.01,0.0104,88 B,1.00
BulkCopySkipInit,ShortRun,False,Default,Default,Default,Default,Default,Default,00000000000000,Empty,RyuJit,Default,Arm64,8c5e7fda-e8bf-4a96-9a85-a6e23a8c635c,.NET 11.0,False,True,False,True,Default,Default,False,False,False,Default,Default,Default,Default,Default,Default,False,Default,5,100ms,Default,1,Default,Default,Default,Default,Default,Default,16,3,32,128,14.75 ns,0.728 ns,0.189 ns,0.53,0.01,0.0105,88 B,1.00
ExactString,ShortRun,False,Default,Default,Default,Default,Default,Default,00000000000000,Empty,RyuJit,Default,Arm64,8c5e7fda-e8bf-4a96-9a85-a6e23a8c635c,.NET 11.0,False,True,False,True,Default,Default,False,False,False,Default,Default,Default,Default,Default,Default,False,Default,5,100ms,Default,1,Default,Default,Default,Default,Default,Default,16,3,32,128,45.39 ns,4.504 ns,0.697 ns,1.64,0.04,0.0102,88 B,1.00
Current,ShortRun,False,Default,Default,Default,Default,Default,Default,00000000000000,Empty,RyuJit,Default,Arm64,8c5e7fda-e8bf-4a96-9a85-a6e23a8c635c,.NET 11.0,False,True,False,True,Default,Default,False,False,False,Default,Default,Default,Default,Default,Default,False,Default,5,100ms,Default,1,Default,Default,Default,Default,Default,Default,16,3,1024,4,845.63 ns,20.678 ns,3.200 ns,1.00,0.00,0.2460,2072 B,1.00
BulkCopy,ShortRun,False,Default,Default,Default,Default,Default,Default,00000000000000,Empty,RyuJit,Default,Arm64,8c5e7fda-e8bf-4a96-9a85-a6e23a8c635c,.NET 11.0,False,True,False,True,Default,Default,False,False,False,Default,Default,Default,Default,Default,Default,False,Default,5,100ms,Default,1,Default,Default,Default,Default,Default,Default,16,3,1024,4,"1,628.76 ns",41.639 ns,10.813 ns,1.93,0.01,0.2438,2072 B,1.00
BulkCopySkipInit,ShortRun,False,Default,Default,Default,Default,Default,Default,00000000000000,Empty,RyuJit,Default,Arm64,8c5e7fda-e8bf-4a96-9a85-a6e23a8c635c,.NET 11.0,False,True,False,True,Default,Default,False,False,False,Default,Default,Default,Default,Default,Default,False,Default,5,100ms,Default,1,Default,Default,Default,Default,Default,Default,16,3,1024,4,"1,595.80 ns",50.346 ns,7.791 ns,1.89,0.01,0.2422,2072 B,1.00
ExactString,ShortRun,False,Default,Default,Default,Default,Default,Default,00000000000000,Empty,RyuJit,Default,Arm64,8c5e7fda-e8bf-4a96-9a85-a6e23a8c635c,.NET 11.0,False,True,False,True,Default,Default,False,False,False,Default,Default,Default,Default,Default,Default,False,Default,5,100ms,Default,1,Default,Default,Default,Default,Default,Default,16,3,1024,4,"4,076.97 ns",276.518 ns,71.811 ns,4.82,0.08,0.2331,2072 B,1.00
Current,ShortRun,False,Default,Default,Default,Default,Default,Default,00000000000000,Empty,RyuJit,Default,Arm64,8c5e7fda-e8bf-4a96-9a85-a6e23a8c635c,.NET 11.0,False,True,False,True,Default,Default,False,False,False,Default,Default,Default,Default,Default,Default,False,Default,5,100ms,Default,1,Default,Default,Default,Default,Default,Default,16,3,1024,128,834.79 ns,11.478 ns,2.981 ns,1.00,0.00,0.2416,2072 B,1.00
BulkCopy,ShortRun,False,Default,Default,Default,Default,Default,Default,00000000000000,Empty,RyuJit,Default,Arm64,8c5e7fda-e8bf-4a96-9a85-a6e23a8c635c,.NET 11.0,False,True,False,True,Default,Default,False,False,False,Default,Default,Default,Default,Default,Default,False,Default,5,100ms,Default,1,Default,Default,Default,Default,Default,Default,16,3,1024,128,185.59 ns,8.802 ns,2.286 ns,0.22,0.00,0.2472,2072 B,1.00
BulkCopySkipInit,ShortRun,False,Default,Default,Default,Default,Default,Default,00000000000000,Empty,RyuJit,Default,Arm64,8c5e7fda-e8bf-4a96-9a85-a6e23a8c635c,.NET 11.0,False,True,False,True,Default,Default,False,False,False,Default,Default,Default,Default,Default,Default,False,Default,5,100ms,Default,1,Default,Default,Default,Default,Default,Default,16,3,1024,128,184.42 ns,3.773 ns,0.584 ns,0.22,0.00,0.2467,2072 B,1.00
ExactString,ShortRun,False,Default,Default,Default,Default,Default,Default,00000000000000,Empty,RyuJit,Default,Arm64,8c5e7fda-e8bf-4a96-9a85-a6e23a8c635c,.NET 11.0,False,True,False,True,Default,Default,False,False,False,Default,Default,Default,Default,Default,Default,False,Default,5,100ms,Default,1,Default,Default,Default,Default,Default,Default,16,3,1024,128,"1,716.89 ns",806.634 ns,209.480 ns,2.06,0.23,0.2472,2072 B,1.00
